Workbook

Sheet Overview & Architecture
B2: ARTIFICIAL NEURAL NETWORKS (ANN) - ASSIGNMENT NO 2
B3: Multi-Layer Neural Network (MLNN / MLP) - Student Exam Score Predictor
B5: Course: | C5: ANN by Mam Saima Hassan | E5: Assignment: | F5: No 2 (Multi-Layer Neural Network)
B6: Model Type: | C6: Feedforward MLNN (MLP) | E6: Training Alg: | F6: Backpropagation / L-BFGS Optimization
B7: Inputs: | C7: 3 Features (Study Hours, Attendance %, Previous Score) | E7: Output: | F7: 1 Target (Final Exam Score)
B9: 1. NEURAL NETWORK TOPOLOGY | G9: 2. MIN-MAX NORMALIZATION REFERENCE
B10: Layer | C10: Neurons | D10: Activation Function | E10: Mathematical Formula | G10: Variable | H10: Min Value | I10: Max Value | J10: Range (Max - Min)
B11: Layer 1: Input Layer | C11: 3 | D11: Linear / None | E11: x1: Study Hours, x2: Attendance %, x3: Prev Score | G11: Study_Hours (x1) | H11: 1 | I11: 7.5 | J11: 6.5
B12: Layer 2: Hidden Layer | C12: 3 | D12: Logistic (Sigmoid) | E12: h_j = 1 / (1 + EXP(-z_hj)), where z_hj = b1_j + SUM(w_ij * x_i) | G12: Attendance_Percent (x2) | H12: 55 | I12: 96 | J12: 41
B13: Layer 3: Output Layer | C13: 1 | D13: Linear / De-normalized | E13: y_norm = b2 + SUM(w2_j * h_j) -> y_pred = y_norm * (Max - Min) + Min | G13: Previous_Test_Score (x3) | H13: 40 | I13: 85 | J13: 45
G14: Final_Exam_Score (y) | H14: 38 | I14: 88 | J14: 50
B16: 3. PERFORMANCE BENCHMARK (MULTIPLE LINEAR REGRESSION VS MULTI-LAYER NEURAL NETWORK)
B17: Model Name | C17: Architecture / Type | D17: Train MAE | E17: Test MAE | F17: Test RMSE | G17: Test R-squared (R²) | H17: Performance Status
B18: Multiple Linear Regression (Assignment 1) | C18: Ordinary Least Squares | D18: 0.74 | E18: 0.76 | F18: 0.95 | G18: 0.995 | H18: Baseline
B19: Multi-Layer Neural Network (Assignment 2) | C19: 3-3-1 MLP (Sigmoid Hidden) | D19: 0.4273 | E19: 0.6813 | F19: 0.7341 | G19: 0.9971 | H19: SUPERIOR (Lowest Error)
B22: 4. HOW TO TRAIN / OPTIMIZE IN EXCEL USING SOLVER
B23: Step 1: Open Microsoft Excel and navigate to the 'Forward Pass (All Data)' sheet.
B24: Step 2: Go to the 'Data' tab on the Excel ribbon and click 'Solver' (Enable via File -> Options -> Add-ins -> Excel Add-ins -> Solver Add-in if not visible).
B25: Step 3: Set Objective Cell: 'Forward Pass (All Data)'!$S$28 (Total Sum of Squared Errors / SSE).
B26: Step 4: Set To: 'Min' (Minimize error).
B27: Step 5: By Changing Variable Cells: Select the weight cells in 'Weights & Biases' ('Weights & Biases'!$C$7:$E$9, $C$10:$E$10, $C$14:$E$14, $C$15).
B28: Step 6: Select Solving Method: 'GRG Nonlinear' (Gradient descent in Excel).
B29: Step 7: Click 'Solve'. Excel will run iterative gradient optimization directly on your spreadsheet formulas to optimize the neural network!

Sheet Interactive Predictor
B2: LIVE INTERACTIVE NEURAL NETWORK PREDICTOR
B3: Enter student inputs below to calculate predicted exam score dynamically in real-time
B5: STUDENT INPUT FEATURES (EDIT VALUES) | F5: STEP 2: HIDDEN LAYER EVALUATION
B6: Study Hours (1.0 - 7.5 hrs): | C6: 5 | D6: Hours | F6: Hidden Neuron | G6: Net Input (z) | H6: Sigmoid Output (h)
B7: Attendance Percent (55% - 96%): | C7: 85 | D7: % | F7: Hidden Neuron 1 (h1) | G7: ='Weights & Biases'!$C$11 + ($C$11*'Weights & Biases'!$C$7 + $C$12*'Weights & Biases'!$C$8 + $C$13*'Weights & Biases'!$C$9) | H7: =1/(1+EXP(-G7))
B8: Previous Test Score (40 - 85): | C8: 68 | D8: Marks | F8: Hidden Neuron 2 (h2) | G8: ='Weights & Biases'!$D$11 + ($C$11*'Weights & Biases'!$D$7 + $C$12*'Weights & Biases'!$D$8 + $C$13*'Weights & Biases'!$D$9) | H8: =1/(1+EXP(-G8))
F9: Hidden Neuron 3 (h3) | G9: ='Weights & Biases'!$E$11 + ($C$11*'Weights & Biases'!$E$7 + $C$12*'Weights & Biases'!$E$8 + $C$13*'Weights & Biases'!$E$9) | H9: =1/(1+EXP(-G9))
B10: STEP 1: MIN-MAX NORMALIZATION
B11: Normalized Study Hours (x1_norm): | C11: =(C6 - 'Overview & Architecture'!$H$11) / 'Overview & Architecture'!$J$11 | F11: STEP 3: OUTPUT LAYER & FINAL RESULT
B12: Normalized Attendance (x2_norm): | C12: =(C7 - 'Overview & Architecture'!$H$12) / 'Overview & Architecture'!$J$12 | F12: Output Net Input (z_out): | G12: ='Weights & Biases'!$C$16 + (H7*'Weights & Biases'!$C$14 + H8*'Weights & Biases'!$D$14 + H9*'Weights & Biases'!$E$14)
B13: Normalized Prev Score (x3_norm): | C13: =(C8 - 'Overview & Architecture'!$H$13) / 'Overview & Architecture'!$J$13 | F13: Predicted Norm Score (y_norm): | G13: =G12
B16: FINAL PREDICTED EXAM SCORE
B17: =G13 * 'Overview & Architecture'!$J$14 + 'Overview & Architecture'!$H$14
B19: Expected Grade / Level: | C19: =IF(B17>=85,"A+ (Exceptional)",IF(B17>=80,"A (Excellent)",IF(B17>=70,"B (Very Good)",IF(B17>=60,"C (Good)",IF(B17>=50,"D (Pass)","F (Fail)")))))

Sheet Forward Pass (All Data)
A2: FULL FORWARD PROPAGATION TABLE (20 SAMPLES)
A4: ID | B4: Study Hours (x1) | C4: Attendance % (x2) | D4: Prev Score (x3) | E4: Actual Score (y) | F4: Norm x1 | G4: Norm x2 | H4: Norm x3 | I4: Net z_h1 | J4: Hidden h1 | K4: Net z_h2 | L4: Hidden h2 | M4: Net z_h3 | N4: Hidden h3 | O4: Net z_out | P4: Pred Score (y_hat) | Q4: Error (y - y_hat) | R4: Abs Error | S4: Squared Error (SE)
A5: 1 | B5: 1 | C5: 55 | D5: 40 | E5: 38 | F5: =(B5 - 'Overview & Architecture'!$H$11) / 'Overview & Architecture'!$J$11 | G5: =(C5 - 'Overview & Architecture'!$H$12) / 'Overview & Architecture'!$J$12 | H5: =(D5 - 'Overview & Architecture'!$H$13) / 'Overview & Architecture'!$J$13 | I5: ='Weights & Biases'!$C$11 + (F5*'Weights & Biases'!$C$7 + G5*'Weights & Biases'!$C$8 + H5*'Weights & Biases'!$C$9) | J5: =1/(1+EXP(-I5)) | K5: ='Weights & Biases'!$D$11 + (F5*'Weights & Biases'!$D$7 + G5*'Weights & Biases'!$D$8 + H5*'Weights & Biases'!$D$9) | L5: =1/(1+EXP(-K5)) | M5: ='Weights & Biases'!$E$11 + (F5*'Weights & Biases'!$E$7 + G5*'Weights & Biases'!$E$8 + H5*'Weights & Biases'!$E$9) | N5: =1/(1+EXP(-M5)) | O5: ='Weights & Biases'!$C$16 + (J5*'Weights & Biases'!$C$14 + L5*'Weights & Biases'!$D$14 + N5*'Weights & Biases'!$E$14) | P5: =O5 * 'Overview & Architecture'!$J$14 + 'Overview & Architecture'!$H$14 | Q5: =E5 - P5 | R5: =ABS(Q5) | S5: =Q5^2
A6: 2 | B6: 2 | C6: 60 | D6: 45 | E6: 43 | F6: =(B6 - 'Overview & Architecture'!$H$11) / 'Overview & Architecture'!$J$11 | G6: =(C6 - 'Overview & Architecture'!$H$12) / 'Overview & Architecture'!$J$12 | H6: =(D6 - 'Overview & Architecture'!$H$13) / 'Overview & Architecture'!$J$13 | I6: ='Weights & Biases'!$C$11 + (F6*'Weights & Biases'!$C$7 + G6*'Weights & Biases'!$C$8 + H6*'Weights & Biases'!$C$9) | J6: =1/(1+EXP(-I6)) | K6: ='Weights & Biases'!$D$11 + (F6*'Weights & Biases'!$D$7 + G6*'Weights & Biases'!$D$8 + H6*'Weights & Biases'!$D$9) | L6: =1/(1+EXP(-K6)) | M6: ='Weights & Biases'!$E$11 + (F6*'Weights & Biases'!$E$7 + G6*'Weights & Biases'!$E$8 + H6*'Weights & Biases'!$E$9) | N6: =1/(1+EXP(-M6)) | O6: ='Weights & Biases'!$C$16 + (J6*'Weights & Biases'!$C$14 + L6*'Weights & Biases'!$D$14 + N6*'Weights & Biases'!$E$14) | P6: =O6 * 'Overview & Architecture'!$J$14 + 'Overview & Architecture'!$H$14 | Q6: =E6 - P6 | R6: =ABS(Q6) | S6: =Q6^2
A7: 3 | B7: 2.5 | C7: 65 | D7: 48 | E7: 46 | F7: =(B7 - 'Overview & Architecture'!$H$11) / 'Overview & Architecture'!$J$11 | G7: =(C7 - 'Overview & Architecture'!$H$12) / 'Overview & Architecture'!$J$12 | H7: =(D7 - 'Overview & Architecture'!$H$13) / 'Overview & Architecture'!$J$13 | I7: ='Weights & Biases'!$C$11 + (F7*'Weights & Biases'!$C$7 + G7*'Weights & Biases'!$C$8 + H7*'Weights & Biases'!$C$9) | J7: =1/(1+EXP(-I7)) | K7: ='Weights & Biases'!$D$11 + (F7*'Weights & Biases'!$D$7 + G7*'Weights & Biases'!$D$8 + H7*'Weights & Biases'!$D$9) | L7: =1/(1+EXP(-K7)) | M7: ='Weights & Biases'!$E$11 + (F7*'Weights & Biases'!$E$7 + G7*'Weights & Biases'!$E$8 + H7*'Weights & Biases'!$E$9) | N7: =1/(1+EXP(-M7)) | O7: ='Weights & Biases'!$C$16 + (J7*'Weights & Biases'!$C$14 + L7*'Weights & Biases'!$D$14 + N7*'Weights & Biases'!$E$14) | P7: =O7 * 'Overview & Architecture'!$J$14 + 'Overview & Architecture'!$H$14 | Q7: =E7 - P7 | R7: =ABS(Q7) | S7: =Q7^2
A8: 4 | B8: 3 | C8: 68 | D8: 52 | E8: 50 | F8: =(B8 - 'Overview & Architecture'!$H$11) / 'Overview & Architecture'!$J$11 | G8: =(C8 - 'Overview & Architecture'!$H$12) / 'Overview & Architecture'!$J$12 | H8: =(D8 - 'Overview & Architecture'!$H$13) / 'Overview & Architecture'!$J$13 | I8: ='Weights & Biases'!$C$11 + (F8*'Weights & Biases'!$C$7 + G8*'Weights & Biases'!$C$8 + H8*'Weights & Biases'!$C$9) | J8: =1/(1+EXP(-I8)) | K8: ='Weights & Biases'!$D$11 + (F8*'Weights & Biases'!$D$7 + G8*'Weights & Biases'!$D$8 + H8*'Weights & Biases'!$D$9) | L8: =1/(1+EXP(-K8)) | M8: ='Weights & Biases'!$E$11 + (F8*'Weights & Biases'!$E$7 + G8*'Weights & Biases'!$E$8 + H8*'Weights & Biases'!$E$9) | N8: =1/(1+EXP(-M8)) | O8: ='Weights & Biases'!$C$16 + (J8*'Weights & Biases'!$C$14 + L8*'Weights & Biases'!$D$14 + N8*'Weights & Biases'!$E$14) | P8: =O8 * 'Overview & Architecture'!$J$14 + 'Overview & Architecture'!$H$14 | Q8: =E8 - P8 | R8: =ABS(Q8) | S8: =Q8^2
A9: 5 | B9: 3.5 | C9: 70 | D9: 55 | E9: 53 | F9: =(B9 - 'Overview & Architecture'!$H$11) / 'Overview & Architecture'!$J$11 | G9: =(C9 - 'Overview & Architecture'!$H$12) / 'Overview & Architecture'!$J$12 | H9: =(D9 - 'Overview & Architecture'!$H$13) / 'Overview & Architecture'!$J$13 | I9: ='Weights & Biases'!$C$11 + (F9*'Weights & Biases'!$C$7 + G9*'Weights & Biases'!$C$8 + H9*'Weights & Biases'!$C$9) | J9: =1/(1+EXP(-I9)) | K9: ='Weights & Biases'!$D$11 + (F9*'Weights & Biases'!$D$7 + G9*'Weights & Biases'!$D$8 + H9*'Weights & Biases'!$D$9) | L9: =1/(1+EXP(-K9)) | M9: ='Weights & Biases'!$E$11 + (F9*'Weights & Biases'!$E$7 + G9*'Weights & Biases'!$E$8 + H9*'Weights & Biases'!$E$9) | N9: =1/(1+EXP(-M9)) | O9: ='Weights & Biases'!$C$16 + (J9*'Weights & Biases'!$C$14 + L9*'Weights & Biases'!$D$14 + N9*'Weights & Biases'!$E$14) | P9: =O9 * 'Overview & Architecture'!$J$14 + 'Overview & Architecture'!$H$14 | Q9: =E9 - P9 | R9: =ABS(Q9) | S9: =Q9^2
A10: 6 | B10: 4 | C10: 75 | D10: 58 | E10: 57 | F10: =(B10 - 'Overview & Architecture'!$H$11) / 'Overview & Architecture'!$J$11 | G10: =(C10 - 'Overview & Architecture'!$H$12) / 'Overview & Architecture'!$J$12 | H10: =(D10 - 'Overview & Architecture'!$H$13) / 'Overview & Architecture'!$J$13 | I10: ='Weights & Biases'!$C$11 + (F10*'Weights & Biases'!$C$7 + G10*'Weights & Biases'!$C$8 + H10*'Weights & Biases'!$C$9) | J10: =1/(1+EXP(-I10)) | K10: ='Weights & Biases'!$D$11 + (F10*'Weights & Biases'!$D$7 + G10*'Weights & Biases'!$D$8 + H10*'Weights & Biases'!$D$9) | L10: =1/(1+EXP(-K10)) | M10: ='Weights & Biases'!$E$11 + (F10*'Weights & Biases'!$E$7 + G10*'Weights & Biases'!$E$8 + H10*'Weights & Biases'!$E$9) | N10: =1/(1+EXP(-M10)) | O10: ='Weights & Biases'!$C$16 + (J10*'Weights & Biases'!$C$14 + L10*'Weights & Biases'!$D$14 + N10*'Weights & Biases'!$E$14) | P10: =O10 * 'Overview & Architecture'!$J$14 + 'Overview & Architecture'!$H$14 | Q10: =E10 - P10 | R10: =ABS(Q10) | S10: =Q10^2
A11: 7 | B11: 4.5 | C11: 78 | D11: 62 | E11: 61 | F11: =(B11 - 'Overview & Architecture'!$H$11) / 'Overview & Architecture'!$J$11 | G11: =(C11 - 'Overview & Architecture'!$H$12) / 'Overview & Architecture'!$J$12 | H11: =(D11 - 'Overview & Architecture'!$H$13) / 'Overview & Architecture'!$J$13 | I11: ='Weights & Biases'!$C$11 + (F11*'Weights & Biases'!$C$7 + G11*'Weights & Biases'!$C$8 + H11*'Weights & Biases'!$C$9) | J11: =1/(1+EXP(-I11)) | K11: ='Weights & Biases'!$D$11 + (F11*'Weights & Biases'!$D$7 + G11*'Weights & Biases'!$D$8 + H11*'Weights & Biases'!$D$9) | L11: =1/(1+EXP(-K11)) | M11: ='Weights & Biases'!$E$11 + (F11*'Weights & Biases'!$E$7 + G11*'Weights & Biases'!$E$8 + H11*'Weights & Biases'!$E$9) | N11: =1/(1+EXP(-M11)) | O11: ='Weights & Biases'!$C$16 + (J11*'Weights & Biases'!$C$14 + L11*'Weights & Biases'!$D$14 + N11*'Weights & Biases'!$E$14) | P11: =O11 * 'Overview & Architecture'!$J$14 + 'Overview & Architecture'!$H$14 | Q11: =E11 - P11 | R11: =ABS(Q11) | S11: =Q11^2
A12: 8 | B12: 5 | C12: 82 | D12: 65 | E12: 66 | F12: =(B12 - 'Overview & Architecture'!$H$11) / 'Overview & Architecture'!$J$11 | G12: =(C12 - 'Overview & Architecture'!$H$12) / 'Overview & Architecture'!$J$12 | H12: =(D12 - 'Overview & Architecture'!$H$13) / 'Overview & Architecture'!$J$13 | I12: ='Weights & Biases'!$C$11 + (F12*'Weights & Biases'!$C$7 + G12*'Weights & Biases'!$C$8 + H12*'Weights & Biases'!$C$9) | J12: =1/(1+EXP(-I12)) | K12: ='Weights & Biases'!$D$11 + (F12*'Weights & Biases'!$D$7 + G12*'Weights & Biases'!$D$8 + H12*'Weights & Biases'!$D$9) | L12: =1/(1+EXP(-K12)) | M12: ='Weights & Biases'!$E$11 + (F12*'Weights & Biases'!$E$7 + G12*'Weights & Biases'!$E$8 + H12*'Weights & Biases'!$E$9) | N12: =1/(1+EXP(-M12)) | O12: ='Weights & Biases'!$C$16 + (J12*'Weights & Biases'!$C$14 + L12*'Weights & Biases'!$D$14 + N12*'Weights & Biases'!$E$14) | P12: =O12 * 'Overview & Architecture'!$J$14 + 'Overview & Architecture'!$H$14 | Q12: =E12 - P12 | R12: =ABS(Q12) | S12: =Q12^2
A13: 9 | B13: 5.5 | C13: 85 | D13: 68 | E13: 69 | F13: =(B13 - 'Overview & Architecture'!$H$11) / 'Overview & Architecture'!$J$11 | G13: =(C13 - 'Overview & Architecture'!$H$12) / 'Overview & Architecture'!$J$12 | H13: =(D13 - 'Overview & Architecture'!$H$13) / 'Overview & Architecture'!$J$13 | I13: ='Weights & Biases'!$C$11 + (F13*'Weights & Biases'!$C$7 + G13*'Weights & Biases'!$C$8 + H13*'Weights & Biases'!$C$9) | J13: =1/(1+EXP(-I13)) | K13: ='Weights & Biases'!$D$11 + (F13*'Weights & Biases'!$D$7 + G13*'Weights & Biases'!$D$8 + H13*'Weights & Biases'!$D$9) | L13: =1/(1+EXP(-K13)) | M13: ='Weights & Biases'!$E$11 + (F13*'Weights & Biases'!$E$7 + G13*'Weights & Biases'!$E$8 + H13*'Weights & Biases'!$E$9) | N13: =1/(1+EXP(-M13)) | O13: ='Weights & Biases'!$C$16 + (J13*'Weights & Biases'!$C$14 + L13*'Weights & Biases'!$D$14 + N13*'Weights & Biases'!$E$14) | P13: =O13 * 'Overview & Architecture'!$J$14 + 'Overview & Architecture'!$H$14 | Q13: =E13 - P13 | R13: =ABS(Q13) | S13: =Q13^2
A14: 10 | B14: 6 | C14: 88 | D14: 72 | E14: 73 | F14: =(B14 - 'Overview & Architecture'!$H$11) / 'Overview & Architecture'!$J$11 | G14: =(C14 - 'Overview & Architecture'!$H$12) / 'Overview & Architecture'!$J$12 | H14: =(D14 - 'Overview & Architecture'!$H$13) / 'Overview & Architecture'!$J$13 | I14: ='Weights & Biases'!$C$11 + (F14*'Weights & Biases'!$C$7 + G14*'Weights & Biases'!$C$8 + H14*'Weights & Biases'!$C$9) | J14: =1/(1+EXP(-I14)) | K14: ='Weights & Biases'!$D$11 + (F14*'Weights & Biases'!$D$7 + G14*'Weights & Biases'!$D$8 + H14*'Weights & Biases'!$D$9) | L14: =1/(1+EXP(-K14)) | M14: ='Weights & Biases'!$E$11 + (F14*'Weights & Biases'!$E$7 + G14*'Weights & Biases'!$E$8 + H14*'Weights & Biases'!$E$9) | N14: =1/(1+EXP(-M14)) | O14: ='Weights & Biases'!$C$16 + (J14*'Weights & Biases'!$C$14 + L14*'Weights & Biases'!$D$14 + N14*'Weights & Biases'!$E$14) | P14: =O14 * 'Overview & Architecture'!$J$14 + 'Overview & Architecture'!$H$14 | Q14: =E14 - P14 | R14: =ABS(Q14) | S14: =Q14^2
A15: 11 | B15: 6.5 | C15: 90 | D15: 75 | E15: 77 | F15: =(B15 - 'Overview & Architecture'!$H$11) / 'Overview & Architecture'!$J$11 | G15: =(C15 - 'Overview & Architecture'!$H$12) / 'Overview & Architecture'!$J$12 | H15: =(D15 - 'Overview & Architecture'!$H$13) / 'Overview & Architecture'!$J$13 | I15: ='Weights & Biases'!$C$11 + (F15*'Weights & Biases'!$C$7 + G15*'Weights & Biases'!$C$8 + H15*'Weights & Biases'!$C$9) | J15: =1/(1+EXP(-I15)) | K15: ='Weights & Biases'!$D$11 + (F15*'Weights & Biases'!$D$7 + G15*'Weights & Biases'!$D$8 + H15*'Weights & Biases'!$D$9) | L15: =1/(1+EXP(-K15)) | M15: ='Weights & Biases'!$E$11 + (F15*'Weights & Biases'!$E$7 + G15*'Weights & Biases'!$E$8 + H15*'Weights & Biases'!$E$9) | N15: =1/(1+EXP(-M15)) | O15: ='Weights & Biases'!$C$16 + (J15*'Weights & Biases'!$C$14 + L15*'Weights & Biases'!$D$14 + N15*'Weights & Biases'!$E$14) | P15: =O15 * 'Overview & Architecture'!$J$14 + 'Overview & Architecture'!$H$14 | Q15: =E15 - P15 | R15: =ABS(Q15) | S15: =Q15^2
A16: 12 | B16: 7 | C16: 95 | D16: 80 | E16: 84 | F16: =(B16 - 'Overview & Architecture'!$H$11) / 'Overview & Architecture'!$J$11 | G16: =(C16 - 'Overview & Architecture'!$H$12) / 'Overview & Architecture'!$J$12 | H16: =(D16 - 'Overview & Architecture'!$H$13) / 'Overview & Architecture'!$J$13 | I16: ='Weights & Biases'!$C$11 + (F16*'Weights & Biases'!$C$7 + G16*'Weights & Biases'!$C$8 + H16*'Weights & Biases'!$C$9) | J16: =1/(1+EXP(-I16)) | K16: ='Weights & Biases'!$D$11 + (F16*'Weights & Biases'!$D$7 + G16*'Weights & Biases'!$D$8 + H16*'Weights & Biases'!$D$9) | L16: =1/(1+EXP(-K16)) | M16: ='Weights & Biases'!$E$11 + (F16*'Weights & Biases'!$E$7 + G16*'Weights & Biases'!$E$8 + H16*'Weights & Biases'!$E$9) | N16: =1/(1+EXP(-M16)) | O16: ='Weights & Biases'!$C$16 + (J16*'Weights & Biases'!$C$14 + L16*'Weights & Biases'!$D$14 + N16*'Weights & Biases'!$E$14) | P16: =O16 * 'Overview & Architecture'!$J$14 + 'Overview & Architecture'!$H$14 | Q16: =E16 - P16 | R16: =ABS(Q16) | S16: =Q16^2
... A24: 20 | B24: 7.5 | C24: 96 | D24: 85 | E24: 88 | F24: =(B24 - 'Overview & Architecture'!$H$11) / 'Overview & Architecture'!$J$11 | G24: =(C24 - 'Overview & Architecture'!$H$12) / 'Overview & Architecture'!$J$12 | H24: =(D24 - 'Overview & Architecture'!$H$13) / 'Overview & Architecture'!$J$13 | I24: ='Weights & Biases'!$C$11 + (F24*'Weights & Biases'!$C$7 + G24*'Weights & Biases'!$C$8 + H24*'Weights & Biases'!$C$9) | J24: =1/(1+EXP(-I24)) | K24: ='Weights & Biases'!$D$11 + (F24*'Weights & Biases'!$D$7 + G24*'Weights & Biases'!$D$8 + H24*'Weights & Biases'!$D$9) | L24: =1/(1+EXP(-K24)) | M24: ='Weights & Biases'!$E$11 + (F24*'Weights & Biases'!$E$7 + G24*'Weights & Biases'!$E$8 + H24*'Weights & Biases'!$E$9) | N24: =1/(1+EXP(-M24)) | O24: ='Weights & Biases'!$C$16 + (J24*'Weights & Biases'!$C$14 + L24*'Weights & Biases'!$D$14 + N24*'Weights & Biases'!$E$14) | P24: =O24 * 'Overview & Architecture'!$J$14 + 'Overview & Architecture'!$H$14 | Q24: =E24 - P24 | R24: =ABS(Q24) | S24: =Q24^2
N25: Mean Absolute Error (MAE): | P25: =AVERAGE(R5:R24)
N26: Mean Squared Error (MSE): | P26: =AVERAGE(S5:S24)
N27: Root Mean Squared Error (RMSE): | P27: =SQRT(P26)
N28: TOTAL SSE (Excel Solver Target): | P28: =SUM(S5:S24)

Sheet Backpropagation Walkthrough
B2: STEP-BY-STEP BACKPROPAGATION & GRADIENT DESCENT DEMONSTRATION
B3: Demonstrating 1 complete Training Epoch on Sample Student #1 using Backpropagation Formulas
B5: PHASE 1: SAMPLE DATA INPUT & NORMALIZATION
B6: Input Feature 1 (Study Hours x1): | C6: 1 | D6: Norm x1 = (1.0 - 1.0) / 6.5 = 0.0000
B7: Input Feature 2 (Attendance % x2): | C7: 55 | D7: Norm x2 = (55.0 - 55.0) / 41.0 = 0.0000
B8: Input Feature 3 (Previous Score x3): | C8: 40 | D8: Norm x3 = (40.0 - 40.0) / 45.0 = 0.0000
B9: Target Actual Exam Score (y): | C9: 38 | D9: Norm y = (38.0 - 38.0) / 50.0 = 0.0000
B10: Learning Rate (eta): | C10: 0.1 | D10: Step size for gradient descent weight updates
B12: PHASE 2: FORWARD PASS CALCULATIONS
B13: Hidden Layer Net Input z_h1: | C13: ='Weights & Biases'!$C$11 + 0 | D13: z_h1 = b1_1 + SUM(w1 * x)
B14: Hidden Layer Activation h1: | C14: =1/(1+EXP(-C12)) | D14: h1 = sigma(z_h1) = 1 / (1 + e^-z)
B15: Hidden Layer Activation h2: | C15: =1/(1+EXP(-'Weights & Biases'!$D$11)) | D15: h2 = sigma(z_h2)
B16: Hidden Layer Activation h3: | C16: =1/(1+EXP(-'Weights & Biases'!$E$11)) | D16: h3 = sigma(z_h3)
B17: Output Layer Net Input z_out: | C17: ='Weights & Biases'!$C$16 + (C13*'Weights & Biases'!$C$14 + C14*'Weights & Biases'!$D$14 + C15*'Weights & Biases'!$E$14) | D17: z_out = b2 + SUM(w2 * h)
B18: Model Output Prediction (y_hat_norm): | C18: =C16 | D18: Linear output layer activation
B19: Total Squared Error E: | C19: =0.5 * (C17 - 0)^2 | D19: E = 1/2 * (y_hat - y)^2
B21: PHASE 3: BACKPROPAGATION ERROR DELTAS
B22: Output Error Delta (delta_out): | C22: =C17 - 0 | D22: dE / dz_out = (y_hat - y)
B23: Hidden Neuron Delta 1 (delta_h1): | C23: =C20 * 'Weights & Biases'!$C$14 * C13 * (1 - C13) | D23: delta_h1 = delta_out * w2_1 * h1 * (1 - h1)
B24: Hidden Neuron Delta 2 (delta_h2): | C24: =C20 * 'Weights & Biases'!$D$14 * C14 * (1 - C14) | D24: delta_h2 = delta_out * w2_2 * h2 * (1 - h2)
B25: Hidden Neuron Delta 3 (delta_h3): | C25: =C20 * 'Weights & Biases'!$E$14 * C15 * (1 - C15) | D25: delta_h3 = delta_out * w2_3 * h3 * (1 - h3)
B27: PHASE 4: WEIGHT GRADIENTS & UPDATES (W_new = W_old - eta * Gradient)
B28: Gradient for Output Weight w2_1: | C28: =C20 * C13 | D28: dE / dw2_1 = delta_out * h1
B29: New Output Weight w2_1 (Updated): | C29: ='Weights & Biases'!$C$14 - 0.1 * C25 | D29: w2_1(new) = w2_1(old) - eta * grad
B30: Gradient for Output Bias b2: | C30: =C20 | D30: dE / db2 = delta_out
B31: New Output Bias b2 (Updated): | C31: ='Weights & Biases'!$C$16 - 0.1 * C27 | D31: b2(new) = b2(old) - eta * delta_out

Sheet Weights & Biases
B2: NEURAL NETWORK WEIGHTS & BIASES (MODEL PARAMETERS)
B3: Values obtained from Gradient Descent / Backpropagation training (All formulas link to this sheet)
B5: WEIGHT MATRIX W1: INPUT LAYER -> HIDDEN LAYER
B6: Input Feature | C6: Hidden Neuron 1 (h1) | D6: Hidden Neuron 2 (h2) | E6: Hidden Neuron 3 (h3)
B7: Study Hours (x1) | C7: 0.30926719 | D7: 0.93861296 | E7: -0.017570328
B8: Attendance % (x2) | C8: 0.11084056 | D8: -0.10518045 | E8: -0.24378634
B9: Prev Test Score (x3) | C9: 0.28549688 | D9: 0.9892373 | E9: -0.51228636
B11: Hidden Bias (b1) | C11: -0.49650565 | D11: -1.2287237 | E11: 1.9606712
B13: WEIGHT MATRIX W2: HIDDEN LAYER -> OUTPUT LAYER
B14: Weight Parameter | C14: w2_1 (from h1) | D14: w2_2 (from h2) | E14: w2_3 (from h3)
B15: Output Weight Values: | C15: 1.5675271 | D15: 1.4035919 | E15: -1.4427353
B16: Output Bias (b2): | C16: 0.33329135

Sheet Model Comparison
B2: MODEL COMPARISON: LINEAR REGRESSION VS MULTI-LAYER NEURAL NETWORK
B4: Student ID | C4: Actual Exam Score | D4: MLNN Predicted | E4: MLNN Error | F4: Linear Reg Predicted | G4: Linear Reg Error | H4: Split | I4: Superior Model
B5: 1 | C5: 38 | D5: ='Forward Pass (All Data)'!P5 | E5: =C5 - D5 | F5: 36.38 | G5: =C5 - F5 | H5: Test | I5: =IF(ABS(E5)<=ABS(G5), "MLNN", "LinReg")
B6: 2 | C6: 43 | D6: ='Forward Pass (All Data)'!P6 | E6: =C6 - D6 | F6: 42.12 | G6: =C6 - F6 | H6: Test | I6: =IF(ABS(E6)<=ABS(G6), "MLNN", "LinReg")
B7: 3 | C7: 46 | D7: ='Forward Pass (All Data)'!P7 | E7: =C7 - D7 | F7: 45.83 | G7: =C7 - F7 | H7: Train | I7: =IF(ABS(E7)<=ABS(G7), "MLNN", "LinReg")
B8: 4 | C8: 50 | D8: ='Forward Pass (All Data)'!P8 | E8: =C8 - D8 | F8: 49.01 | G8: =C8 - F8 | H8: Train | I8: =IF(ABS(E8)<=ABS(G8), "MLNN", "LinReg")
B9: 5 | C9: 53 | D9: ='Forward Pass (All Data)'!P9 | E9: =C9 - D9 | F9: 53.03 | G9: =C9 - F9 | H9: Train | I9: =IF(ABS(E9)<=ABS(G9), "MLNN", "LinReg")
B10: 6 | C10: 57 | D10: ='Forward Pass (All Data)'!P10 | E10: =C10 - D10 | F10: 57.63 | G10: =C10 - F10 | H10: Train | I10: =IF(ABS(E10)<=ABS(G10), "MLNN", "LinReg")
B11: 7 | C11: 61 | D11: ='Forward Pass (All Data)'!P11 | E11: =C11 - D11 | F11: 61.87 | G11: =C11 - F11 | H11: Train | I11: =IF(ABS(E11)<=ABS(G11), "MLNN", "LinReg")
B12: 8 | C12: 66 | D12: ='Forward Pass (All Data)'!P12 | E12: =C12 - D12 | F12: 66.16 | G12: =C12 - F12 | H12: Train | I12: =IF(ABS(E12)<=ABS(G12), "MLNN", "LinReg")
B13: 9 | C13: 69 | D13: ='Forward Pass (All Data)'!P13 | E13: =C13 - D13 | F13: 68.87 | G13: =C13 - F13 | H13: Test | I13: =IF(ABS(E13)<=ABS(G13), "MLNN", "LinReg")
B14: 10 | C14: 73 | D14: ='Forward Pass (All Data)'!P14 | E14: =C14 - D14 | F14: 72.09 | G14: =C14 - F14 | H14: Train | I14: =IF(ABS(E14)<=ABS(G14), "MLNN", "LinReg")
B15: 11 | C15: 77 | D15: ='Forward Pass (All Data)'!P15 | E15: =C15 - D15 | F15: 76.28 | G15: =C15 - F15 | H15: Train | I15: =IF(ABS(E15)<=ABS(G15), "MLNN", "LinReg")
B16: 12 | C16: 84 | D16: ='Forward Pass (All Data)'!P16 | E16: =C16 - D16 | F16: 83.47 | G16: =C16 - F16 | H16: Train | I16: =IF(ABS(E16)<=ABS(G16), "MLNN", "LinReg")
... B24: 20 | C24: 88 | D24: ='Forward Pass (All Data)'!P24 | E24: =C24 - D24 | F24: 88.31 | G24: =C24 - F24 | H24: Train | I24: =IF(ABS(E24)<=ABS(G24), "MLNN", "LinReg")
